<?xml version="1.0" encoding="UTF-8"?>
<project-private xmlns="http://www.netbeans.org/ns/project-private/1">
    <editor-bookmarks xmlns="http://www.netbeans.org/ns/editor-bookmarks/2" lastBookmarkId="0"/>
    <open-files xmlns="http://www.netbeans.org/ns/projectui-open-files/2">
        <group>
            <file>file:/C:/Users/user/Desktop/OODJ/VaccineSystem/src/vaccinesystem/Appointment.java</file>
            <file>file:/C:/Users/user/Desktop/OODJ/VaccineSystem/src/vaccinesystem/ModifyPeopleForm.java</file>
            <file>file:/C:/Users/user/Desktop/OODJ/VaccineSystem/src/vaccinesystem/AuthenticationHelper.java</file>
            <file>file:/C:/Users/user/Desktop/OODJ/VaccineSystem/src/vaccinesystem/RecordPeopleForm.java</file>
            <file>file:/C:/Users/user/Desktop/OODJ/VaccineSystem/src/vaccinesystem/RecordAppointmentForm.java</file>
            <file>file:/C:/Users/user/Desktop/OODJ/VaccineSystem/src/vaccinesystem/LoginForm.java</file>
            <file>file:/C:/Users/user/Desktop/OODJ/VaccineSystem/src/vaccinesystem/Vaccine.java</file>
            <file>file:/C:/Users/user/Desktop/OODJ/VaccineSystem/src/vaccinesystem/CentreForm.java</file>
            <file>file:/C:/Users/user/Desktop/OODJ/VaccineSystem/src/vaccinesystem/PeopleMainForm.java</file>
            <file>file:/C:/Users/user/Desktop/OODJ/VaccineSystem/src/vaccinesystem/GUI_Helper.java</file>
        </group>
    </open-files>
</project-private>
